UniqueID,Date tick found,Host,Species,Vegtype,Counts_submit
TD0631,3/16/1990,Not_attached,Ixodes_scapularis,Brush,32
TD0635,3/20/1990,Canis_lupus,Ixodes_scapularis,Brush,1
TD0649,4/3/1990,Homo_sapiens,Ixodes_scapularis,Brush,1
TD0656,4/6/1990,Felis_silvestris,Dermacentor_variabilis,Brush,1
TD0661,4/9/1990,Canis_lupus,Dermacentor_variabilis,Brush,1
TD0662,4/9/1990,Homo_sapiens,Ixodes_scapularis,Brush,1
TD0668,4/9/1990,Procyonidae,Ixodes_texanus,Brush,1
TD0685,4/15/1990,Not_attached,Dermacentor_variabilis,Brush,1
TD0699,4/17/1990,Homo_sapiens,Dermacentor_variabilis,Brush,1
TD0706,4/18/1990,Homo_sapiens,Dermacentor_variabilis,Brush,1
TD0715,4/20/1990,Homo_sapiens,Dermacentor_variabilis,Brush,1
TD0750,4/23/1990,Domestic_pets,Dermacentor_variabilis,Brush,20
TD0752,4/23/1990,Canis_lupus,Dermacentor_variabilis,Brush,7
TD0763,4/24/1990,Homo_sapiens,Ixodes_cookei,Brush,1
TD0768,4/25/1990,Homo_sapiens,Dermacentor_variabilis,Brush,1
TD0779,4/25/1990,Homo_sapiens,Dermacentor_variabilis,Brush,2
TD0766,4/25/1990,Not_attached,Dermacentor_variabilis,Brush,1
TD0820,4/27/1990,Not_attached,Dermacentor_variabilis,Brush,5
TD0819,4/27/1990,Leporidae,Haemaphysalis_leporis-palustris,Brush,5
TD0839,4/29/1990,Canis_lupus,Dermacentor_variabilis,Brush,1
TD0860,4/30/1990,Canis_lupus,Dermacentor_variabilis,Brush,15
TD0884,5/1/1990,Homo_sapiens,Dermacentor_variabilis,Brush,1
TD0882,5/1/1990,Not_attached,Ixodes_scapularis,Brush,4
TD0913,5/2/1990,Homo_sapiens,Dermacentor_variabilis,Brush,1
TD0926,5/3/1990,Canis_lupus,Dermacentor_variabilis,Brush,1
TD0927,5/3/1990,Canis_lupus,Dermacentor_variabilis,Brush,6
TD0944,5/4/1990,Canis_lupus,Dermacentor_variabilis,Brush,3
TD0952,5/4/1990,Not_attached,Dermacentor_variabilis,Brush,1
TD0962,5/5/1990,Homo_sapiens,Dermacentor_variabilis,Brush,1
TD0963,5/5/1990,Not_attached,Ixodes_scapularis,Brush,1
TD0974,5/6/1990,Homo_sapiens,Dermacentor_variabilis,Brush,1
TD0977,5/7/1990,Canis_lupus,Dermacentor_variabilis,Brush,12
TD0981,5/7/1990,Canis_lupus,Dermacentor_variabilis,Brush,2
TD0980,5/7/1990,Homo_sapiens,Dermacentor_variabilis,Brush,1
TD1016,5/8/1990,Canis_lupus,Dermacentor_variabilis,Brush,1
TD0999,5/8/1990,Not_attached,Dermacentor_variabilis,Brush,1
TD1009,5/8/1990,Not_attached,Dermacentor_variabilis,Brush,1
TD1036,5/9/1990,Canis_lupus,Dermacentor_variabilis,Brush,1
TD1040,5/9/1990,Canis_lupus,Dermacentor_variabilis,Brush,1
TD1033,5/9/1990,Not_attached,Dermacentor_variabilis,Brush,1
TD1045,5/10/1990,Canis_lupus,Dermacentor_variabilis,Brush,8
TD1048,5/10/1990,Canis_lupus,Dermacentor_variabilis,Brush,1
TD1049,5/10/1990,Canis_lupus,Dermacentor_variabilis,Brush,3
TD1073,5/11/1990,Canis_lupus,Dermacentor_variabilis,Brush,1
TD1058,5/11/1990,Homo_sapiens,Dermacentor_variabilis,Brush,1
TD1067,5/11/1990,Homo_sapiens,Dermacentor_variabilis,Brush,1
TD1062,5/11/1990,Not_attached,Dermacentor_variabilis,Brush,1
TD1072,5/11/1990,Not_attached,Dermacentor_variabilis,Brush,1
TD1080,5/12/1990,Canis_lupus,Ixodes_scapularis,Brush,2
TD1098,5/14/1990,Canis_lupus,Dermacentor_variabilis,Brush,3
TD1095,5/14/1990,Homo_sapiens,Dermacentor_variabilis,Brush,1
TD1106,5/14/1990,Homo_sapiens,Ixodes_dentatus,Brush,1
TD1116,5/15/1990,Canis_lupus,Dermacentor_variabilis,Brush,1
TD1118,5/15/1990,Canis_lupus,Dermacentor_variabilis,Brush,2
TD1138,5/16/1990,Canis_lupus,Dermacentor_variabilis,Brush,2
TD1155,5/17/1990,Canis_lupus,Dermacentor_variabilis,Brush,20
TD1159,5/17/1990,Canis_lupus,Dermacentor_variabilis,Brush,1
TD1144,5/17/1990,Homo_sapiens,Dermacentor_variabilis,Brush,3
TD1147,5/17/1990,Homo_sapiens,Dermacentor_variabilis,Brush,1
TD1154,5/17/1990,Homo_sapiens,Dermacentor_variabilis,Brush,1
TD1157,5/17/1990,Homo_sapiens,Dermacentor_variabilis,Brush,1
TD1167,5/18/1990,Not_attached,Dermacentor_variabilis,Brush,2
TD1172,5/19/1990,Homo_sapiens,Dermacentor_variabilis,Brush,1
TD1176,5/19/1990,Homo_sapiens,Dermacentor_variabilis,Brush,1
TD1182,5/20/1990,Homo_sapiens,Amblyomma_americanum,Brush,1
TD1202,5/21/1990,Canis_lupus,Dermacentor_variabilis,Brush,1
TD1208,5/22/1990,Canis_lupus,Dermacentor_variabilis,Brush,2
TD1205,5/22/1990,Homo_sapiens,Dermacentor_variabilis,Brush,1
TD1210,5/22/1990,Homo_sapiens,Dermacentor_variabilis,Brush,1
TD1218,5/22/1990,Homo_sapiens,Dermacentor_variabilis,Brush,1
TD1233,5/23/1990,Canis_lupus,Dermacentor_variabilis,Brush,6
TD1232,5/23/1990,Not_attached,Dermacentor_variabilis,Brush,1
TD1238,5/24/1990,Homo_sapiens,Amblyomma_americanum,Brush,1
TD1246,5/24/1990,Homo_sapiens,Dermacentor_variabilis,Brush,2
TD1248,5/24/1990,Homo_sapiens,Dermacentor_variabilis,Brush,1
TD1253,5/25/1990,Canis_lupus,Dermacentor_variabilis,Brush,2
TD1256,5/25/1990,Canis_lupus,Dermacentor_variabilis,Brush,1
TD1259,5/25/1990,Canis_lupus,Dermacentor_variabilis,Brush,9
TD1271,5/27/1990,Homo_sapiens,Dermacentor_variabilis,Brush,1
TD1282,5/28/1990,Canis_lupus,Dermacentor_variabilis,Brush,4
TD1302,5/30/1990,Canis_lupus,Dermacentor_variabilis,Brush,5
TD1336,6/1/1990,Homo_sapiens,Dermacentor_variabilis,Brush,1
TD1353,6/4/1990,Homo_sapiens,Dermacentor_variabilis,Brush,1
TD1350,6/4/1990,Homo_sapiens,Ixodes_cookei,Brush,1
TD1363,6/4/1990,Felis_silvestris,Ixodes_scapularis,Brush,1
TD1381,6/6/1990,Homo_sapiens,Dermacentor_variabilis,Brush,1
TD1223,5/23/1990,Homo_sapiens,Amblyomma_americanum,Ecotone,1
TD0535,5/31/1989,Canis_lupus,Ixodes_cookei,Ecotone,1
TD0546,6/18/1989,Procyonidae,Ixodes_cookei,Ecotone,4
TD0547,6/22/1989,Procyonidae,Ixodes_cookei,Ecotone,7
TD0548,6/29/1989,Didelphidae,Dermacentor_variabilis,Ecotone,6
TD0549,6/29/1989,Didelphidae,Ixodes_cookei,Ecotone,1
TD0550,7/1/1989,Homo_sapiens,Ixodes_dentatus,Ecotone,1
TD0553,7/7/1989,Procyonidae,Ixodes_cookei,Ecotone,1
TD0554,7/7/1989,Procyonidae,Ixodes_texanus,Ecotone,1
TD0555,7/11/1989,Procyonidae,Rhipicephalus_sanguineus,Ecotone,1
TD0556,7/12/1989,Procyonidae,Ixodes_cookei,Ecotone,1
TD0572,8/13/1989,Procyonidae,Ixodes_cookei,Ecotone,1
TD0573,8/15/1989,Procyonidae,Ixodes_cookei,Ecotone,5
TD0616,2/21/1990,Canis_lupus,Ixodes_scapularis,Ecotone,14
TD0624,3/6/1990,Domestic_pets,Ixodes_scapularis,Ecotone,4
TD0627,3/12/1990,Not_attached,Ixodes_scapularis,Ecotone,8
TD0640,3/27/1990,Not_attached,Dermacentor_variabilis,Ecotone,1
TD0655,4/6/1990,Felis_silvestris,Ixodes_cookei,Ecotone,1
TD0663,4/9/1990,Homo_sapiens,Dermacentor_variabilis,Ecotone,1
TD0674,4/12/1990,Homo_sapiens,Ixodes_cookei,Ecotone,1
TD0686,4/15/1990,Canis_lupus,Ixodes_cookei,Ecotone,1
TD0697,4/17/1990,Not_attached,Dermacentor_variabilis,Ecotone,1
TD0710,4/18/1990,Canis_lupus,Dermacentor_variabilis,Ecotone,23
TD0702,4/18/1990,Homo_sapiens,Dermacentor_variabilis,Ecotone,1
TD0701,4/18/1990,Not_attached,Dermacentor_variabilis,Ecotone,1
TD0707,4/18/1990,Canis_lupus,Ixodes_scapularis,Ecotone,1
TD0709,4/18/1990,Not_attached,Ixodes_scapularis,Ecotone,1
TD0714,4/19/1990,Not_attached,Ixodes_scapularis,Ecotone,1
TD0725,4/21/1990,Canis_lupus,Dermacentor_variabilis,Ecotone,1
TD0733,4/22/1990,Homo_sapiens,Dermacentor_variabilis,Ecotone,1
TD0729,4/22/1990,Canis_lupus,Ixodes_cookei,Ecotone,1
TD0744,4/23/1990,Canis_lupus,Dermacentor_variabilis,Ecotone,1
TD0745,4/23/1990,Canis_lupus,Dermacentor_variabilis,Ecotone,1
TD0746,4/23/1990,Homo_sapiens,Dermacentor_variabilis,Ecotone,1
TD0749,4/23/1990,Homo_sapiens,Dermacentor_variabilis,Ecotone,1
TD0761,4/24/1990,Canis_lupus,Dermacentor_variabilis,Ecotone,6
TD0754,4/24/1990,Homo_sapiens,Dermacentor_variabilis,Ecotone,9
TD0758,4/24/1990,Homo_sapiens,Dermacentor_variabilis,Ecotone,1
TD0762,4/24/1990,Homo_sapiens,Ixodes_scapularis,Ecotone,1
TD0756,4/24/1990,Not_attached,Ixodes_scapularis,Ecotone,1
TD0771,4/25/1990,Canis_lupus,Dermacentor_variabilis,Ecotone,1
TD0772,4/25/1990,Canis_lupus,Dermacentor_variabilis,Ecotone,1
TD0776,4/25/1990,Canis_lupus,Dermacentor_variabilis,Ecotone,65
TD0778,4/25/1990,Canis_lupus,Dermacentor_variabilis,Ecotone,2
TD0770,4/25/1990,Homo_sapiens,Dermacentor_variabilis,Ecotone,4
TD0775,4/25/1990,Homo_sapiens,Dermacentor_variabilis,Ecotone,1
TD0780,4/25/1990,Not_attached,Dermacentor_variabilis,Ecotone,3
TD0777,4/25/1990,Not_attached,Ixodes_scapularis,Ecotone,1
TD0781,4/25/1990,Not_attached,Ixodes_scapularis,Ecotone,1
TD0795,4/26/1990,Canis_lupus,Dermacentor_variabilis,Ecotone,1
TD0791,4/26/1990,Homo_sapiens,Dermacentor_variabilis,Ecotone,6
TD0793,4/26/1990,Homo_sapiens,Dermacentor_variabilis,Ecotone,1
TD0802,4/26/1990,Not_attached,Dermacentor_variabilis,Ecotone,1
TD0815,4/27/1990,Canis_lupus,Dermacentor_variabilis,Ecotone,1
TD0822,4/27/1990,Canis_lupus,Dermacentor_variabilis,Ecotone,10
TD0810,4/27/1990,Not_attached,Dermacentor_variabilis,Ecotone,4
TD0841,4/29/1990,Canis_lupus,Dermacentor_variabilis,Ecotone,80
TD0844,4/29/1990,Homo_sapiens,Dermacentor_variabilis,Ecotone,1
TD0853,4/30/1990,Felis_silvestris,Dermacentor_variabilis,Ecotone,1
TD0847,4/30/1990,Canis_lupus,Dermacentor_variabilis,Ecotone,1
TD0856,4/30/1990,Canis_lupus,Dermacentor_variabilis,Ecotone,1
TD0865,4/30/1990,Canis_lupus,Dermacentor_variabilis,Ecotone,2
TD0875,4/30/1990,Canis_lupus,Dermacentor_variabilis,Ecotone,6
TD0869,4/30/1990,Canis_lupus,Dermacentor_variabilis,Ecotone,8
TD0873,4/30/1990,Homo_sapiens,Dermacentor_variabilis,Ecotone,1
TD0858,4/30/1990,Not_attached,Dermacentor_variabilis,Ecotone,1
TD0861,4/30/1990,Not_attached,Dermacentor_variabilis,Ecotone,2
TD0864,4/30/1990,Homo_sapiens,Ixodes_scapularis,Ecotone,1
TD0874,4/30/1990,Homo_sapiens,Ixodes_scapularis,Ecotone,2
TD0859,4/30/1990,Not_attached,Ixodes_scapularis,Ecotone,7
TD0877,5/1/1990,Domestic_pets,Dermacentor_variabilis,Ecotone,3
TD0879,5/1/1990,Canis_lupus,Dermacentor_variabilis,Ecotone,7
TD0883,5/1/1990,Canis_lupus,Dermacentor_variabilis,Ecotone,17
TD0889,5/1/1990,Canis_lupus,Dermacentor_variabilis,Ecotone,2
TD0897,5/1/1990,Canis_lupus,Dermacentor_variabilis,Ecotone,36
TD0899,5/1/1990,Canis_lupus,Dermacentor_variabilis,Ecotone,121
TD0898,5/1/1990,Domestic_pets,Dermacentor_variabilis,Ecotone,13
TD0887,5/1/1990,Canis_lupus,Dermacentor_variabilis,Ecotone,1
TD0900,5/1/1990,Homo_sapiens,Dermacentor_variabilis,Ecotone,1
TD0886,5/1/1990,Not_attached,Dermacentor_variabilis,Ecotone,2
TD0890,5/1/1990,Canis_lupus,Ixodes_scapularis,Ecotone,1
TD0878,5/1/1990,Canis_lupus,Rhipicephalus_sanguineus,Ecotone,7
TD0904,5/2/1990,Canis_lupus,Dermacentor_variabilis,Ecotone,1
TD0906,5/2/1990,Canis_lupus,Dermacentor_variabilis,Ecotone,15
TD0909,5/2/1990,Canis_lupus,Dermacentor_variabilis,Ecotone,4
TD0915,5/2/1990,Canis_lupus,Dermacentor_variabilis,Ecotone,1
TD0918,5/2/1990,Domestic_pets,Dermacentor_variabilis,Ecotone,15
TD0920,5/2/1990,Homo_sapiens,Dermacentor_variabilis,Ecotone,1
TD0911,5/2/1990,Canis_lupus,Ixodes_scapularis,Ecotone,25
TD0923,5/3/1990,Canis_lupus,Dermacentor_variabilis,Ecotone,4
TD0931,5/3/1990,Canis_lupus,Dermacentor_variabilis,Ecotone,1
TD0924,5/3/1990,Homo_sapiens,Dermacentor_variabilis,Ecotone,1
TD0928,5/3/1990,Not_attached,Dermacentor_variabilis,Ecotone,1
TD0932,5/3/1990,Not_attached,Dermacentor_variabilis,Ecotone,5
TD0935,5/3/1990,Canis_lupus,Ixodes_cookei,Ecotone,1
TD0940,5/4/1990,Felis_silvestris,Dermacentor_variabilis,Ecotone,28
TD0946,5/4/1990,Canis_lupus,Dermacentor_variabilis,Ecotone,5
TD0951,5/4/1990,Canis_lupus,Dermacentor_variabilis,Ecotone,1
TD0943,5/4/1990,Homo_sapiens,Dermacentor_variabilis,Ecotone,1
TD0947,5/4/1990,Homo_sapiens,Dermacentor_variabilis,Ecotone,1
TD0948,5/4/1990,Homo_sapiens,Dermacentor_variabilis,Ecotone,1
TD0950,5/4/1990,Homo_sapiens,Dermacentor_variabilis,Ecotone,1
TD0942,5/4/1990,Not_attached,Dermacentor_variabilis,Ecotone,1
TD0949,5/4/1990,Not_attached,Dermacentor_variabilis,Ecotone,5
TD0957,5/4/1990,Not_attached,Dermacentor_variabilis,Ecotone,2
TD0960,5/5/1990,Not_attached,Dermacentor_variabilis,Ecotone,1
TD0968,5/6/1990,Felis_silvestris,Dermacentor_variabilis,Ecotone,1
TD0976,5/6/1990,Canis_lupus,Dermacentor_variabilis,Ecotone,4
TD0970,5/6/1990,Homo_sapiens,Dermacentor_variabilis,Ecotone,1
TD0965,5/6/1990,Not_attached,Ixodes_scapularis,Ecotone,6
TD0966,5/6/1990,Not_attached,Ixodes_scapularis,Ecotone,6
TD0967,5/6/1990,Not_attached,Ixodes_scapularis,Ecotone,6
TD0985,5/7/1990,Canis_lupus,Dermacentor_variabilis,Ecotone,5
TD0988,5/7/1990,Canis_lupus,Dermacentor_variabilis,Ecotone,1
TD0989,5/7/1990,Canis_lupus,Dermacentor_variabilis,Ecotone,8
TD0978,5/7/1990,Not_attached,Dermacentor_variabilis,Ecotone,5
TD1000,5/8/1990,Canis_lupus,Dermacentor_variabilis,Ecotone,19
TD1004,5/8/1990,Homo_sapiens,Dermacentor_variabilis,Ecotone,1
TD1039,5/9/1990,Canis_lupus,Dermacentor_variabilis,Ecotone,1
TD1024,5/9/1990,Homo_sapiens,Dermacentor_variabilis,Ecotone,1
TD1026,5/9/1990,Not_attached,Dermacentor_variabilis,Ecotone,5
TD1057,5/10/1990,Felis_silvestris,Dermacentor_variabilis,Ecotone,4
TD1044,5/10/1990,Homo_sapiens,Dermacentor_variabilis,Ecotone,1
TD1051,5/10/1990,Felis_silvestris,Ixodes_scapularis,Ecotone,6
TD1063,5/11/1990,Canis_lupus,Dermacentor_variabilis,Ecotone,1
TD1070,5/11/1990,Canis_lupus,Dermacentor_variabilis,Ecotone,8
TD1060,5/11/1990,Homo_sapiens,Dermacentor_variabilis,Ecotone,3
TD1074,5/11/1990,Homo_sapiens,Dermacentor_variabilis,Ecotone,1
TD1087,5/13/1990,Canis_lupus,Dermacentor_variabilis,Ecotone,67
TD1100,5/14/1990,Canis_lupus,Dermacentor_variabilis,Ecotone,4
TD1101,5/14/1990,Homo_sapiens,Dermacentor_variabilis,Ecotone,1
TD1102,5/14/1990,Homo_sapiens,Dermacentor_variabilis,Ecotone,1
TD1090,5/14/1990,Canis_lupus,Ixodes_cookei,Ecotone,1
TD1112,5/15/1990,Canis_lupus,Dermacentor_variabilis,Ecotone,1
TD1121,5/15/1990,Canis_lupus,Dermacentor_variabilis,Ecotone,1
TD1126,5/15/1990,Canis_lupus,Ixodes_scapularis,Ecotone,18
TD1110,5/15/1990,Homo_sapiens,Ixodes_scapularis,Ecotone,1
TD1127,5/16/1990,Felis_silvestris,Dermacentor_variabilis,Ecotone,1
TD1136,5/16/1990,Canis_lupus,Dermacentor_variabilis,Ecotone,2
TD1145,5/17/1990,Canis_lupus,Dermacentor_variabilis,Ecotone,4
TD1151,5/17/1990,Homo_sapiens,Dermacentor_variabilis,Ecotone,1
TD1152,5/17/1990,Canis_lupus,Ixodes_cookei,Ecotone,1
TD1150,5/17/1990,Homo_sapiens,Ixodes_scapularis,Ecotone,1
TD1153,5/17/1990,Homo_sapiens,Ixodes_scapularis,Ecotone,1
TD1160,5/18/1990,Not_attached,Dermacentor_variabilis,Ecotone,1
TD1166,5/18/1990,Not_attached,Dermacentor_variabilis,Ecotone,1
TD1179,5/19/1990,Homo_sapiens,Dermacentor_variabilis,Ecotone,1
TD1184,5/20/1990,Homo_sapiens,Dermacentor_variabilis,Ecotone,1
TD1183,5/20/1990,Domestic_pets,Dermacentor_variabilis,Ecotone,3
TD1187,5/21/1990,Felis_silvestris,Dermacentor_variabilis,Ecotone,1
TD1188,5/21/1990,Felis_silvestris,Dermacentor_variabilis,Ecotone,1
TD1196,5/21/1990,Canis_lupus,Dermacentor_variabilis,Ecotone,1
TD1198,5/21/1990,Canis_lupus,Dermacentor_variabilis,Ecotone,4
TD1197,5/21/1990,Homo_sapiens,Ixodes_cookei,Ecotone,1
TD1211,5/22/1990,Felis_silvestris,Dermacentor_variabilis,Ecotone,1
TD1207,5/22/1990,Homo_sapiens,Dermacentor_variabilis,Ecotone,1
TD1203,5/22/1990,Felis_silvestris,Ixodes_scapularis,Ecotone,1
TD1226,5/23/1990,Canis_lupus,Dermacentor_variabilis,Ecotone,2
TD1230,5/23/1990,Not_attached,Dermacentor_variabilis,Ecotone,1
TD1245,5/24/1990,Canis_lupus,Dermacentor_variabilis,Ecotone,1
TD1254,5/25/1990,Canis_lupus,Dermacentor_variabilis,Ecotone,1
TD1258,5/25/1990,Canis_lupus,Dermacentor_variabilis,Ecotone,7
TD1255,5/25/1990,Homo_sapiens,Dermacentor_variabilis,Ecotone,1
TD1249,5/25/1990,Homo_sapiens,Ixodes_scapularis,Ecotone,7
TD1283,5/28/1990,Canis_lupus,Dermacentor_variabilis,Ecotone,13
TD1280,5/28/1990,Homo_sapiens,Dermacentor_variabilis,Ecotone,3
TD1286,5/28/1990,Homo_sapiens,Dermacentor_variabilis,Ecotone,1
TD1297,5/29/1990,Homo_sapiens,Amblyomma_americanum,Ecotone,1
TD1290,5/29/1990,Homo_sapiens,Ixodes_scapularis,Ecotone,1
TD1307,5/30/1990,Homo_sapiens,Dermacentor_variabilis,Ecotone,2
TD1306,5/30/1990,Not_attached,Dermacentor_variabilis,Ecotone,1
TD1300,5/30/1990,Felis_silvestris,Ixodes_scapularis,Ecotone,1
TD1319,5/31/1990,Felis_silvestris,Dermacentor_variabilis,Ecotone,4
TD1313,5/31/1990,Canis_lupus,Dermacentor_variabilis,Ecotone,3
TD1315,5/31/1990,Homo_sapiens,Dermacentor_variabilis,Ecotone,1
TD1326,5/31/1990,Homo_sapiens,Dermacentor_variabilis,Ecotone,1
TD1329,5/31/1990,Felis_silvestris,Ixodes_cookei,Ecotone,11
TD1332,6/1/1990,Canis_lupus,Dermacentor_variabilis,Ecotone,21
TD1330,6/1/1990,Homo_sapiens,Ixodes_scapularis,Ecotone,1
TD1341,6/2/1990,Canis_lupus,Dermacentor_variabilis,Ecotone,1
TD1348,6/3/1990,Canis_lupus,Dermacentor_variabilis,Ecotone,1
TD1349,6/3/1990,Homo_sapiens,Dermacentor_variabilis,Ecotone,1
TD1344,6/3/1990,Canis_lupus,Ixodes_cookei,Ecotone,1
TD1356,6/4/1990,Homo_sapiens,Dermacentor_variabilis,Ecotone,1
TD1351,6/4/1990,Homo_sapiens,Ixodes_scapularis,Ecotone,1
TD1366,6/5/1990,Canis_lupus,Dermacentor_variabilis,Ecotone,1
TD1368,6/5/1990,Canis_lupus,Dermacentor_variabilis,Ecotone,1
TD1379,6/6/1990,Homo_sapiens,Amblyomma_americanum,Ecotone,1
TD1384,6/6/1990,Homo_sapiens,Dermacentor_variabilis,Ecotone,1
TD0538,6/7/1989,Canis_lupus,Ixodes_cookei,Forest,1
TD0586,10/13/1989,Homo_sapiens,Ixodes_cookei,Forest,1
TD0587,10/15/1989,Canis_lupus,Ixodes_cookei,Forest,1
TD0600,12/15/1989,Canis_lupus,Ixodes_scapularis,Forest,2
TD0601,12/15/1989,Homo_sapiens,Ixodes_scapularis,Forest,1
TD0604,1/25/1990,Not_attached,Ixodes_scapularis,Forest,1
TD0605,1/28/1990,Homo_sapiens,Ixodes_scapularis,Forest,1
TD0607,1/30/1990,Canis_lupus,Ixodes_scapularis,Forest,3
TD0613,2/14/1990,Homo_sapiens,Ixodes_scapularis,Forest,1
TD0617,2/21/1990,Felis_silvestris,Ixodes_cookei,Forest,1
TD0619,2/24/1990,Homo_sapiens,Ixodes_scapularis,Forest,1
TD0621,3/2/1990,Homo_sapiens,Ixodes_scapularis,Forest,2
TD0622,3/4/1990,Homo_sapiens,Ixodes_scapularis,Forest,1
TD0623,3/5/1990,Homo_sapiens,Ixodes_scapularis,Forest,1
TD0626,3/12/1990,Not_attached,Ixodes_scapularis,Forest,1
TD0632,3/16/1990,Homo_sapiens,Ixodes_scapularis,Forest,1
TD0634,3/17/1990,Homo_sapiens,Ixodes_scapularis,Forest,1
TD0637,3/22/1990,Not_attached,Dermacentor_variabilis,Forest,1
TD0643,4/1/1990,Homo_sapiens,Dermacentor_variabilis,Forest,1
TD0645,4/1/1990,Homo_sapiens,Dermacentor_variabilis,Forest,1
TD0646,4/1/1990,Not_attached,Ixodes_cookei,Forest,1
TD0644,4/1/1990,Homo_sapiens,Ixodes_scapularis,Forest,1
TD0642,4/1/1990,Canis_lupus,Rhipicephalus_sanguineus,Forest,2
TD0653,4/5/1990,Not_attached,Dermacentor_variabilis,Forest,1
TD0654,4/5/1990,Not_attached,Dermacentor_variabilis,Forest,1
TD0657,4/7/1990,Homo_sapiens,Amblyomma_americanum,Forest,1
TD0658,4/8/1990,Not_attached,Ixodes_scapularis,Forest,1
TD0672,4/11/1990,Procyonidae,Ixodes_texanus,Forest,1
TD0675,4/12/1990,Not_attached,Ixodes_scapularis,Forest,1
TD0677,4/13/1990,Domestic_pets,Dermacentor_variabilis,Forest,3
TD0678,4/13/1990,Not_attached,Dermacentor_variabilis,Forest,1
TD0679,4/13/1990,Not_attached,Dermacentor_variabilis,Forest,1
TD0687,4/15/1990,Not_attached,Dermacentor_variabilis,Forest,1
TD0688,4/15/1990,Not_attached,Dermacentor_variabilis,Forest,2
TD0692,4/16/1990,Homo_sapiens,Dermacentor_variabilis,Forest,1
TD0694,4/16/1990,Not_attached,Dermacentor_variabilis,Forest,1
TD0696,4/17/1990,Homo_sapiens,Dermacentor_variabilis,Forest,1
TD0717,4/20/1990,Not_attached,Dermacentor_variabilis,Forest,1
TD0718,4/20/1990,Not_attached,Dermacentor_variabilis,Forest,2
TD0716,4/20/1990,Canis_lupus,Ixodes_scapularis,Forest,1
TD0727,4/21/1990,Homo_sapiens,Amblyomma_americanum,Forest,1
TD0719,4/21/1990,Homo_sapiens,Ixodes_scapularis,Forest,1
TD0720,4/21/1990,Homo_sapiens,Ixodes_scapularis,Forest,1
TD0721,4/21/1990,Homo_sapiens,Ixodes_scapularis,Forest,1
TD0722,4/21/1990,Homo_sapiens,Ixodes_scapularis,Forest,1
TD0731,4/22/1990,Felis_silvestris,Dermacentor_variabilis,Forest,3
TD0738,4/22/1990,Canis_lupus,Dermacentor_variabilis,Forest,13
TD0730,4/22/1990,Homo_sapiens,Dermacentor_variabilis,Forest,1
TD0732,4/22/1990,Not_attached,Dermacentor_variabilis,Forest,1
TD0734,4/22/1990,Not_attached,Dermacentor_variabilis,Forest,1
TD0740,4/22/1990,Not_attached,Dermacentor_variabilis,Forest,1
TD0741,4/23/1990,Not_attached,Dermacentor_variabilis,Forest,1
TD0751,4/23/1990,Not_attached,Dermacentor_variabilis,Forest,6
TD0742,4/23/1990,Homo_sapiens,Ixodes_scapularis,Forest,1
TD0753,4/24/1990,Homo_sapiens,Dermacentor_variabilis,Forest,1
TD0755,4/24/1990,Not_attached,Dermacentor_variabilis,Forest,2
TD0759,4/24/1990,Homo_sapiens,Ixodes_cookei,Forest,1
TD0767,4/25/1990,Homo_sapiens,Dermacentor_variabilis,Forest,1
TD0784,4/25/1990,Homo_sapiens,Dermacentor_variabilis,Forest,1
TD0773,4/25/1990,Not_attached,Dermacentor_variabilis,Forest,1
TD0769,4/25/1990,Homo_sapiens,Ixodes_scapularis,Forest,1
TD0801,4/26/1990,Homo_sapiens,Dermacentor_variabilis,Forest,1
TD0806,4/26/1990,Homo_sapiens,Dermacentor_variabilis,Forest,5
TD0807,4/26/1990,Canis_lupus,Dermacentor_variabilis,Forest,1
TD0799,4/26/1990,Not_attached,Dermacentor_variabilis,Forest,2
TD0812,4/27/1990,Not_attached,Dermacentor_variabilis,Forest,1
TD0816,4/27/1990,Not_attached,Dermacentor_variabilis,Forest,1
TD0817,4/27/1990,Homo_sapiens,Ixodes_scapularis,Forest,1
TD0834,4/28/1990,Felis_silvestris,Dermacentor_variabilis,Forest,2
TD0831,4/28/1990,Not_attached,Dermacentor_variabilis,Forest,1
TD0837,4/28/1990,Not_attached,Dermacentor_variabilis,Forest,1
TD0840,4/29/1990,Canis_lupus,Dermacentor_variabilis,Forest,4
TD0846,4/30/1990,Canis_lupus,Dermacentor_variabilis,Forest,2
TD0848,4/30/1990,Canis_lupus,Dermacentor_variabilis,Forest,31
TD0849,4/30/1990,Canis_lupus,Dermacentor_variabilis,Forest,5
TD0862,4/30/1990,Homo_sapiens,Dermacentor_variabilis,Forest,1
TD0863,4/30/1990,Homo_sapiens,Dermacentor_variabilis,Forest,1
TD0870,4/30/1990,Homo_sapiens,Dermacentor_variabilis,Forest,1
TD0871,4/30/1990,Not_attached,Dermacentor_variabilis,Forest,2
TD0872,4/30/1990,Not_attached,Dermacentor_variabilis,Forest,4
TD0866,4/30/1990,Homo_sapiens,Ixodes_scapularis,Forest,1
TD0885,5/1/1990,Canis_lupus,Dermacentor_variabilis,Forest,1
TD0895,5/1/1990,Canis_lupus,Dermacentor_variabilis,Forest,47
TD0894,5/1/1990,Canis_lupus,Dermacentor_variabilis,Forest,2
TD0902,5/1/1990,Homo_sapiens,Dermacentor_variabilis,Forest,1
TD0921,5/2/1990,Canis_lupus,Dermacentor_variabilis,Forest,1
TD0907,5/2/1990,Not_attached,Dermacentor_variabilis,Forest,1
TD0910,5/2/1990,Not_attached,Dermacentor_variabilis,Forest,1
TD0916,5/2/1990,Not_attached,Dermacentor_variabilis,Forest,1
TD0934,5/3/1990,Canis_lupus,Dermacentor_variabilis,Forest,1
TD0938,5/4/1990,Canis_lupus,Dermacentor_variabilis,Forest,7
TD0956,5/4/1990,Homo_sapiens,Dermacentor_variabilis,Forest,1
TD0941,5/4/1990,Not_attached,Dermacentor_variabilis,Forest,1
TD0964,5/5/1990,Homo_sapiens,Dermacentor_variabilis,Forest,1
TD0975,5/6/1990,Canis_lupus,Dermacentor_variabilis,Forest,4
TD0973,5/6/1990,Homo_sapiens,Dermacentor_variabilis,Forest,1
TD0994,5/7/1990,Homo_sapiens,Dermacentor_variabilis,Forest,1
TD0996,5/7/1990,Homo_sapiens,Dermacentor_variabilis,Forest,4
TD0984,5/7/1990,Not_attached,Dermacentor_variabilis,Forest,1
TD0995,5/7/1990,Not_attached,Dermacentor_variabilis,Forest,2
TD1019,5/8/1990,Homo_sapiens,Amblyomma_americanum,Forest,1
TD1010,5/8/1990,Canis_lupus,Dermacentor_variabilis,Forest,4
TD1011,5/8/1990,Canis_lupus,Dermacentor_variabilis,Forest,15
TD1007,5/8/1990,Homo_sapiens,Dermacentor_variabilis,Forest,1
TD1018,5/8/1990,Homo_sapiens,Dermacentor_variabilis,Forest,1
TD1029,5/9/1990,Homo_sapiens,Dermacentor_variabilis,Forest,1
TD1020,5/9/1990,Not_attached,Dermacentor_variabilis,Forest,1
TD1025,5/9/1990,Not_attached,Dermacentor_variabilis,Forest,1
TD1032,5/9/1990,Not_attached,Dermacentor_variabilis,Forest,2
TD1055,5/10/1990,Not_attached,Dermacentor_albipictus,Forest,1
TD1083,5/12/1990,Not_attached,Dermacentor_variabilis,Forest,2
TD1082,5/12/1990,Canis_lupus,Ixodes_scapularis,Forest,1
TD1086,5/13/1990,Felis_silvestris,Ixodes_cookei,Forest,1
TD1094,5/14/1990,Canis_lupus,Dermacentor_variabilis,Forest,1
TD1103,5/14/1990,Canis_lupus,Dermacentor_variabilis,Forest,2
TD1091,5/14/1990,Homo_sapiens,Dermacentor_variabilis,Forest,3
TD1092,5/14/1990,Homo_sapiens,Dermacentor_variabilis,Forest,1
TD1093,5/14/1990,Homo_sapiens,Dermacentor_variabilis,Forest,1
TD1097,5/14/1990,Homo_sapiens,Dermacentor_variabilis,Forest,1
TD1096,5/14/1990,Not_attached,Dermacentor_variabilis,Forest,1
TD1113,5/15/1990,Canis_lupus,Dermacentor_variabilis,Forest,3
TD1117,5/15/1990,Canis_lupus,Dermacentor_variabilis,Forest,55
TD1123,5/15/1990,Canis_lupus,Dermacentor_variabilis,Forest,33
TD1125,5/15/1990,Canis_lupus,Dermacentor_variabilis,Forest,1
TD1109,5/15/1990,Homo_sapiens,Dermacentor_variabilis,Forest,1
TD1111,5/15/1990,Homo_sapiens,Dermacentor_variabilis,Forest,1
TD1120,5/15/1990,Homo_sapiens,Dermacentor_variabilis,Forest,1
TD1122,5/15/1990,Homo_sapiens,Dermacentor_variabilis,Forest,1
TD1130,5/16/1990,Canis_lupus,Dermacentor_variabilis,Forest,1
TD1131,5/16/1990,Homo_sapiens,Dermacentor_variabilis,Forest,1
TD1139,5/16/1990,Homo_sapiens,Dermacentor_variabilis,Forest,1
TD1148,5/17/1990,Homo_sapiens,Ixodes_scapularis,Forest,1
TD1164,5/18/1990,Canis_lupus,Dermacentor_variabilis,Forest,2
TD1165,5/18/1990,Homo_sapiens,Dermacentor_variabilis,Forest,1
TD1177,5/19/1990,Homo_sapiens,Dermacentor_variabilis,Forest,2
TD1178,5/19/1990,Homo_sapiens,Dermacentor_variabilis,Forest,1
TD1173,5/19/1990,Felis_silvestris,Ixodes_cookei,Forest,1
TD1174,5/19/1990,Homo_sapiens,Ixodes_scapularis,Forest,2
TD1185,5/20/1990,Canis_lupus,Dermacentor_variabilis,Forest,3
TD1191,5/21/1990,Canis_lupus,Dermacentor_variabilis,Forest,1
TD1201,5/21/1990,Homo_sapiens,Dermacentor_variabilis,Forest,1
TD1195,5/21/1990,Not_attached,Dermacentor_variabilis,Forest,1
TD1192,5/21/1990,Felis_silvestris,Ixodes_scapularis,Forest,1
TD1224,5/23/1990,Homo_sapiens,Dermacentor_variabilis,Forest,1
TD1227,5/23/1990,Homo_sapiens,Dermacentor_variabilis,Forest,1
TD1229,5/23/1990,Homo_sapiens,Dermacentor_variabilis,Forest,1
TD1236,5/23/1990,Homo_sapiens,Dermacentor_variabilis,Forest,1
TD1225,5/23/1990,Homo_sapiens,Ixodes_scapularis,Forest,1
TD1240,5/24/1990,Felis_silvestris,Ixodes_scapularis,Forest,1
TD1242,5/24/1990,Homo_sapiens,Ixodes_scapularis,Forest,1
TD1257,5/25/1990,Homo_sapiens,Dermacentor_variabilis,Forest,1
TD1274,5/27/1990,Canis_lupus,Dermacentor_variabilis,Forest,1
TD1269,5/27/1990,Homo_sapiens,Dermacentor_variabilis,Forest,1
TD1279,5/28/1990,Homo_sapiens,Amblyomma_americanum,Forest,1
TD1287,5/28/1990,Homo_sapiens,Dermacentor_variabilis,Forest,1
TD1281,5/28/1990,Felis_silvestris,Ixodes_scapularis,Forest,7
TD1299,5/29/1990,Homo_sapiens,Amblyomma_americanum,Forest,1
TD1293,5/29/1990,Homo_sapiens,Dermacentor_variabilis,Forest,1
TD1294,5/29/1990,Homo_sapiens,Dermacentor_variabilis,Forest,1
TD1296,5/29/1990,Marmota_monax,Ixodes_cookei,Forest,1
TD1288,5/29/1990,Homo_sapiens,Ixodes_scapularis,Forest,1
TD1311,5/30/1990,Homo_sapiens,Dermacentor_variabilis,Forest,1
TD1309,5/30/1990,Canis_lupus,Ixodes_cookei,Forest,6
TD1322,5/31/1990,Canis_lupus,Dermacentor_variabilis,Forest,1
TD1328,5/31/1990,Canis_lupus,Ixodes_scapularis,Forest,1
TD1316,5/31/1990,Homo_sapiens,Ixodes_scapularis,Forest,1
TD1333,6/1/1990,Homo_sapiens,Dermacentor_variabilis,Forest,1
TD1334,6/1/1990,Homo_sapiens,Dermacentor_variabilis,Forest,1
TD1343,6/2/1990,Homo_sapiens,Amblyomma_americanum,Forest,1
TD1340,6/2/1990,Homo_sapiens,Dermacentor_variabilis,Forest,1
TD1347,6/3/1990,Homo_sapiens,Dermacentor_variabilis,Forest,1
TD1352,6/4/1990,Homo_sapiens,Dermacentor_variabilis,Forest,1
TD1355,6/4/1990,Domestic_pets,Dermacentor_variabilis,Forest,66
TD1370,6/5/1990,Homo_sapiens,Ixodes_scapularis,Forest,1
TD1388,6/6/1990,Rodentia,Dermacentor_variabilis,Forest,1
TD1383,6/6/1990,Homo_sapiens,Dermacentor_variabilis,Forest,1
TD1375,6/6/1990,Rodentia,Ixodes_scapularis,Forest,10
TD1390,6/6/1990,Rodentia,Ornithodoros_kelleyi,Forest,1
TD1156,5/17/1990,Not_attached,Dermacentor_variabilis,Managed,1
TD0564,7/28/1989,Leporidae,Ixodes_dentatus,Managed,1
TD0609,2/4/1990,Not_attached,Ixodes_marxi,Managed,1
TD0610,2/7/1990,Canis_lupus,Rhipicephalus_sanguineus,Managed,1
TD0614,2/15/1990,Canis_lupus,Ixodes_cookei,Managed,1
TD0625,3/10/1990,Canis_lupus,Rhipicephalus_sanguineus,Managed,7
TD0633,3/16/1990,Felis_silvestris,Dermacentor_variabilis,Managed,1
TD0638,3/26/1990,Canis_lupus,Rhipicephalus_sanguineus,Managed,1
TD0639,3/27/1990,Canis_lupus,Rhipicephalus_sanguineus,Managed,1
TD0659,4/8/1990,Not_attached,Dermacentor_variabilis,Managed,1
TD0660,4/9/1990,Felis_silvestris,Dermacentor_variabilis,Managed,2
TD0671,4/11/1990,Procyonidae,Ixodes_cookei,Managed,2
TD0681,4/14/1990,Homo_sapiens,Dermacentor_variabilis,Managed,1
TD0682,4/14/1990,Homo_sapiens,Ixodes_cookei,Managed,1
TD0680,4/14/1990,Not_attached,Ixodes_scapularis,Managed,1
TD0689,4/15/1990,Homo_sapiens,Ixodes_cookei,Managed,1
TD0690,4/16/1990,Canis_lupus,Dermacentor_variabilis,Managed,2
TD0700,4/17/1990,Canis_lupus,Dermacentor_variabilis,Managed,22
TD0698,4/17/1990,Homo_sapiens,Dermacentor_variabilis,Managed,1
TD0695,4/17/1990,Homo_sapiens,Ixodes_scapularis,Managed,1
TD0705,4/18/1990,Felis_silvestris,Dermacentor_variabilis,Managed,1
TD0708,4/18/1990,Homo_sapiens,Dermacentor_variabilis,Managed,1
TD0712,4/19/1990,Homo_sapiens,Dermacentor_variabilis,Managed,1
TD0711,4/19/1990,Not_attached,Dermacentor_variabilis,Managed,2
TD0723,4/21/1990,Felis_silvestris,Dermacentor_variabilis,Managed,1
TD0726,4/21/1990,Canis_lupus,Dermacentor_variabilis,Managed,1
TD0736,4/22/1990,Homo_sapiens,Dermacentor_variabilis,Managed,1
TD0737,4/22/1990,Homo_sapiens,Dermacentor_variabilis,Managed,1
TD0728,4/22/1990,Homo_sapiens,Ixodes_scapularis,Managed,1
TD0743,4/23/1990,Not_attached,Dermacentor_variabilis,Managed,1
TD0748,4/23/1990,Not_attached,Dermacentor_variabilis,Managed,1
TD0747,4/23/1990,Homo_sapiens,Ixodes_scapularis,Managed,1
TD0764,4/24/1990,Homo_sapiens,Dermacentor_variabilis,Managed,1
TD0760,4/24/1990,Homo_sapiens,Ixodes_scapularis,Managed,1
TD0805,4/26/1990,Canis_lupus,Dermacentor_variabilis,Managed,1
TD0792,4/26/1990,Homo_sapiens,Dermacentor_variabilis,Managed,1
TD0794,4/26/1990,Homo_sapiens,Dermacentor_variabilis,Managed,1
TD0804,4/26/1990,Homo_sapiens,Dermacentor_variabilis,Managed,1
TD0809,4/27/1990,Homo_sapiens,Amblyomma_americanum,Managed,1
TD0823,4/27/1990,Canis_lupus,Dermacentor_variabilis,Managed,3
TD0813,4/27/1990,Homo_sapiens,Dermacentor_variabilis,Managed,6
TD0814,4/27/1990,Homo_sapiens,Dermacentor_variabilis,Managed,1
TD0811,4/27/1990,Not_attached,Dermacentor_variabilis,Managed,1
TD0821,4/27/1990,Not_attached,Dermacentor_variabilis,Managed,1
TD0824,4/27/1990,Domestic_pets,Ixodes_cookei,Managed,1
TD0818,4/27/1990,Homo_sapiens,Ixodes_scapularis,Managed,1
TD0832,4/28/1990,Homo_sapiens,Dermacentor_variabilis,Managed,1
TD0833,4/28/1990,Not_attached,Dermacentor_variabilis,Managed,1
TD0835,4/28/1990,Not_attached,Dermacentor_variabilis,Managed,1
TD0836,4/28/1990,Not_attached,Dermacentor_variabilis,Managed,1
TD0843,4/29/1990,Canis_lupus,Dermacentor_variabilis,Managed,9
TD0842,4/29/1990,Homo_sapiens,Dermacentor_variabilis,Managed,1
TD0838,4/29/1990,Not_attached,Dermacentor_variabilis,Managed,1
TD0855,4/30/1990,Homo_sapiens,Dermacentor_albipictus,Managed,1
TD0851,4/30/1990,Canis_lupus,Dermacentor_variabilis,Managed,36
TD0857,4/30/1990,Canis_lupus,Dermacentor_variabilis,Managed,1
TD0868,4/30/1990,Canis_lupus,Dermacentor_variabilis,Managed,6
TD0845,4/30/1990,Homo_sapiens,Dermacentor_variabilis,Managed,1
TD0850,4/30/1990,Homo_sapiens,Dermacentor_variabilis,Managed,1
TD0852,4/30/1990,Homo_sapiens,Dermacentor_variabilis,Managed,1
TD0867,4/30/1990,Homo_sapiens,Dermacentor_variabilis,Managed,1
TD0854,4/30/1990,Homo_sapiens,Ixodes_scapularis,Managed,1
TD0891,5/1/1990,Canis_lupus,Dermacentor_variabilis,Managed,1
TD0892,5/1/1990,Homo_sapiens,Dermacentor_variabilis,Managed,1
TD0893,5/1/1990,Homo_sapiens,Dermacentor_variabilis,Managed,4
TD0880,5/1/1990,Canis_lupus,Rhipicephalus_sanguineus,Managed,3
TD0912,5/2/1990,Felis_silvestris,Dermacentor_variabilis,Managed,1
TD0914,5/2/1990,Not_attached,Dermacentor_variabilis,Managed,1
TD0903,5/2/1990,Felis_silvestris,Ixodes_cookei,Managed,1
TD0925,5/3/1990,Canis_lupus,Dermacentor_variabilis,Managed,1
TD0930,5/3/1990,Canis_lupus,Dermacentor_variabilis,Managed,4
TD0929,5/3/1990,Homo_sapiens,Dermacentor_variabilis,Managed,1
TD0933,5/3/1990,Not_attached,Dermacentor_variabilis,Managed,1
TD0953,5/4/1990,Canis_lupus,Dermacentor_variabilis,Managed,3
TD0945,5/4/1990,Not_attached,Dermacentor_variabilis,Managed,1
TD0939,5/4/1990,Homo_sapiens,Ixodes_scapularis,Managed,1
TD0958,5/5/1990,Leporidae,Haemaphysalis_leporis-palustris,Managed,1
TD0969,5/6/1990,Homo_sapiens,Dermacentor_variabilis,Managed,1
TD0971,5/6/1990,Homo_sapiens,Dermacentor_variabilis,Managed,1
TD0972,5/6/1990,Homo_sapiens,Dermacentor_variabilis,Managed,2
TD0990,5/7/1990,Homo_sapiens,Dermacentor_variabilis,Managed,1
TD0991,5/7/1990,Homo_sapiens,Dermacentor_variabilis,Managed,1
TD0997,5/7/1990,Homo_sapiens,Dermacentor_variabilis,Managed,1
TD0998,5/7/1990,Domestic_pets,Dermacentor_variabilis,Managed,14
TD0992,5/7/1990,Not_attached,Dermacentor_variabilis,Managed,4
TD0993,5/7/1990,Not_attached,Dermacentor_variabilis,Managed,1
TD1005,5/8/1990,Canis_lupus,Dermacentor_variabilis,Managed,1
TD1012,5/8/1990,Homo_sapiens,Dermacentor_variabilis,Managed,1
TD1015,5/8/1990,Homo_sapiens,Dermacentor_variabilis,Managed,1
TD1017,5/8/1990,Homo_sapiens,Dermacentor_variabilis,Managed,2
TD1002,5/8/1990,Not_attached,Dermacentor_variabilis,Managed,1
TD1022,5/9/1990,Homo_sapiens,Dermacentor_variabilis,Managed,1
TD1027,5/9/1990,Homo_sapiens,Dermacentor_variabilis,Managed,1
TD1028,5/9/1990,Homo_sapiens,Dermacentor_variabilis,Managed,1
TD1035,5/9/1990,Homo_sapiens,Dermacentor_variabilis,Managed,1
TD1037,5/9/1990,Homo_sapiens,Dermacentor_variabilis,Managed,1
TD1021,5/9/1990,Not_attached,Dermacentor_variabilis,Managed,1
TD1023,5/9/1990,Not_attached,Dermacentor_variabilis,Managed,2
TD1030,5/9/1990,Not_attached,Dermacentor_variabilis,Managed,3
TD1047,5/10/1990,Canis_lupus,Dermacentor_variabilis,Managed,2
TD1043,5/10/1990,Homo_sapiens,Dermacentor_variabilis,Managed,1
TD1053,5/10/1990,Homo_sapiens,Dermacentor_variabilis,Managed,4
TD1061,5/11/1990,Canis_lupus,Dermacentor_variabilis,Managed,9
TD1069,5/11/1990,Canis_lupus,Dermacentor_variabilis,Managed,3
TD1068,5/11/1990,Homo_sapiens,Dermacentor_variabilis,Managed,1
TD1071,5/11/1990,Homo_sapiens,Dermacentor_variabilis,Managed,1
TD1081,5/12/1990,Homo_sapiens,Amblyomma_americanum,Managed,1
TD1084,5/12/1990,Homo_sapiens,Dermacentor_variabilis,Managed,1
TD1077,5/12/1990,Not_attached,Dermacentor_variabilis,Managed,1
TD1085,5/13/1990,Canis_lupus,Dermacentor_variabilis,Managed,1
TD1088,5/13/1990,Homo_sapiens,Dermacentor_variabilis,Managed,2
TD1099,5/14/1990,Not_attached,Dermacentor_variabilis,Managed,2
TD1114,5/15/1990,Canis_lupus,Dermacentor_variabilis,Managed,6
TD1124,5/15/1990,Canis_lupus,Dermacentor_variabilis,Managed,2
TD1115,5/15/1990,Homo_sapiens,Dermacentor_variabilis,Managed,1
TD1119,5/15/1990,Not_attached,Dermacentor_variabilis,Managed,1
TD1129,5/16/1990,Homo_sapiens,Dermacentor_variabilis,Managed,1
TD1140,5/16/1990,Not_attached,Dermacentor_variabilis,Managed,1
TD1158,5/17/1990,Canis_lupus,Dermacentor_variabilis,Managed,1
TD1146,5/17/1990,Not_attached,Dermacentor_variabilis,Managed,1
TD1161,5/18/1990,Homo_sapiens,Dermacentor_variabilis,Managed,1
TD1162,5/18/1990,Not_attached,Dermacentor_variabilis,Managed,1
TD1169,5/18/1990,Homo_sapiens,Ixodes_dentatus,Managed,1
TD1180,5/20/1990,Not_attached,Dermacentor_variabilis,Managed,1
TD1181,5/20/1990,Felis_silvestris,Ixodes_cookei,Managed,1
TD1189,5/21/1990,Homo_sapiens,Dermacentor_variabilis,Managed,1
TD1190,5/21/1990,Homo_sapiens,Dermacentor_variabilis,Managed,1
TD1200,5/21/1990,Homo_sapiens,Dermacentor_variabilis,Managed,1
TD1194,5/21/1990,Not_attached,Dermacentor_variabilis,Managed,1
TD1209,5/22/1990,Homo_sapiens,Dermacentor_variabilis,Managed,1
TD1215,5/22/1990,Homo_sapiens,Dermacentor_variabilis,Managed,1
TD1216,5/22/1990,Homo_sapiens,Dermacentor_variabilis,Managed,1
TD1213,5/22/1990,Not_attached,Dermacentor_variabilis,Managed,1
TD1204,5/22/1990,Felis_silvestris,Ixodes_cookei,Managed,1
TD1220,5/22/1990,Homo_sapiens,Ixodes_dentatus,Managed,1
TD1222,5/23/1990,Canis_lupus,Dermacentor_variabilis,Managed,1
TD1228,5/23/1990,Homo_sapiens,Dermacentor_variabilis,Managed,1
TD1231,5/23/1990,Homo_sapiens,Dermacentor_variabilis,Managed,1
TD1234,5/23/1990,Not_attached,Dermacentor_variabilis,Managed,2
TD1241,5/24/1990,Homo_sapiens,Amblyomma_americanum,Managed,1
TD1247,5/24/1990,Canis_lupus,Dermacentor_variabilis,Managed,1
TD1250,5/25/1990,Homo_sapiens,Dermacentor_variabilis,Managed,1
TD1260,5/25/1990,Homo_sapiens,Dermacentor_variabilis,Managed,1
TD1261,5/25/1990,Canis_lupus,Ixodes_cookei,Managed,1
TD1251,5/25/1990,Homo_sapiens,Ixodes_cookei,Managed,1
TD1263,5/26/1990,Homo_sapiens,Dermacentor_variabilis,Managed,1
TD1265,5/26/1990,Homo_sapiens,Dermacentor_variabilis,Managed,2
TD1262,5/26/1990,Canis_lupus,Ixodes_cookei,Managed,1
TD1264,5/26/1990,Homo_sapiens,Ixodes_scapularis,Managed,1
TD1277,5/28/1990,Canis_lupus,Dermacentor_variabilis,Managed,3
TD1284,5/28/1990,Homo_sapiens,Dermacentor_variabilis,Managed,1
TD1292,5/29/1990,Homo_sapiens,Dermacentor_variabilis,Managed,1
TD1291,5/29/1990,Not_attached,Dermacentor_variabilis,Managed,1
TD1298,5/29/1990,Homo_sapiens,Ixodes_scapularis,Managed,1
TD1305,5/30/1990,Felis_silvestris,Dermacentor_variabilis,Managed,1
TD1304,5/30/1990,Canis_lupus,Dermacentor_variabilis,Managed,3
TD1303,5/30/1990,Felis_silvestris,Ixodes_cookei,Managed,1
TD1314,5/31/1990,Homo_sapiens,Dermacentor_variabilis,Managed,1
TD1317,5/31/1990,Homo_sapiens,Dermacentor_variabilis,Managed,1
TD1318,5/31/1990,Homo_sapiens,Dermacentor_variabilis,Managed,1
TD1324,5/31/1990,Homo_sapiens,Dermacentor_variabilis,Managed,1
TD1321,5/31/1990,Not_attached,Ixodes_scapularis,Managed,1
TD1337,6/1/1990,Canis_lupus,Dermacentor_variabilis,Managed,1
TD1331,6/1/1990,Homo_sapiens,Dermacentor_variabilis,Managed,1
TD1342,6/2/1990,Homo_sapiens,Dermacentor_variabilis,Managed,1
TD1346,6/3/1990,Homo_sapiens,Dermacentor_variabilis,Managed,1
TD1345,6/3/1990,Homo_sapiens,Ixodes_dentatus,Managed,1
TD1354,6/4/1990,Homo_sapiens,Amblyomma_americanum,Managed,1
TD1359,6/4/1990,Homo_sapiens,Dermacentor_variabilis,Managed,1
TD1360,6/4/1990,Homo_sapiens,Dermacentor_variabilis,Managed,1
TD1362,6/4/1990,Canis_lupus,Ixodes_cookei,Managed,1
TD1369,6/5/1990,Canis_lupus,Dermacentor_variabilis,Managed,13
TD1367,6/5/1990,Homo_sapiens,Dermacentor_variabilis,Managed,1
TD1371,6/5/1990,Homo_sapiens,Dermacentor_variabilis,Managed,1
TD1380,6/6/1990,Homo_sapiens,Dermacentor_variabilis,Managed,1
TD1385,6/6/1990,Homo_sapiens,Dermacentor_variabilis,Managed,1
TD0606,1/30/1990,Not_attached,Ixodes_scapularis,Pasture,1
TD0652,4/5/1990,Canis_lupus,Dermacentor_variabilis,Pasture,1
TD0664,4/9/1990,Not_attached,Dermacentor_variabilis,Pasture,1
TD0665,4/9/1990,Not_attached,Dermacentor_variabilis,Pasture,1
TD0683,4/15/1990,Canis_lupus,Dermacentor_variabilis,Pasture,1
TD0684,4/15/1990,Canis_lupus,Ixodes_scapularis,Pasture,1
TD0693,4/16/1990,Not_attached,Dermacentor_variabilis,Pasture,1
TD0704,4/18/1990,Felis_silvestris,Dermacentor_variabilis,Pasture,1
TD0703,4/18/1990,Not_attached,Dermacentor_variabilis,Pasture,1
TD0739,4/22/1990,Canis_lupus,Dermacentor_variabilis,Pasture,2
TD0765,4/24/1990,Canis_lupus,Dermacentor_variabilis,Pasture,1
TD0757,4/24/1990,Homo_sapiens,Dermacentor_variabilis,Pasture,10
TD0783,4/25/1990,Canis_lupus,Dermacentor_variabilis,Pasture,3
TD0782,4/25/1990,Not_attached,Dermacentor_variabilis,Pasture,2
TD0774,4/25/1990,Homo_sapiens,Ixodes_scapularis,Pasture,1
TD0796,4/26/1990,Canis_lupus,Dermacentor_variabilis,Pasture,3
TD0901,5/1/1990,Canis_lupus,Ixodes_cookei,Pasture,1
TD0905,5/2/1990,Canis_lupus,Dermacentor_variabilis,Pasture,1
TD0917,5/2/1990,Canis_lupus,Dermacentor_variabilis,Pasture,2
TD0908,5/2/1990,Homo_sapiens,Dermacentor_variabilis,Pasture,1
TD0954,5/4/1990,Canis_lupus,Dermacentor_variabilis,Pasture,9
TD0959,5/5/1990,Homo_sapiens,Dermacentor_variabilis,Pasture,1
TD0961,5/5/1990,Homo_sapiens,Dermacentor_variabilis,Pasture,1
TD0986,5/7/1990,Homo_sapiens,Dermacentor_variabilis,Pasture,1
TD0979,5/7/1990,Not_attached,Dermacentor_variabilis,Pasture,1
TD1001,5/8/1990,Canis_lupus,Dermacentor_variabilis,Pasture,1
TD1006,5/8/1990,Homo_sapiens,Dermacentor_variabilis,Pasture,2
TD1003,5/8/1990,Canis_lupus,Ixodes_cookei,Pasture,1
TD1034,5/9/1990,Canis_lupus,Dermacentor_variabilis,Pasture,1
TD1046,5/10/1990,Canis_lupus,Dermacentor_variabilis,Pasture,1
TD1050,5/10/1990,Canis_lupus,Dermacentor_variabilis,Pasture,1
TD1052,5/10/1990,Canis_lupus,Dermacentor_variabilis,Pasture,1
TD1128,5/16/1990,Canis_lupus,Dermacentor_variabilis,Pasture,1
TD1135,5/16/1990,Canis_lupus,Dermacentor_variabilis,Pasture,10
TD1132,5/16/1990,Homo_sapiens,Dermacentor_variabilis,Pasture,2
TD1133,5/16/1990,Bovidae,Ixodes_cookei,Pasture,1
TD1206,5/22/1990,Marmota_monax,Ixodes_cookei,Pasture,1
TD1244,5/24/1990,Canis_lupus,Dermacentor_variabilis,Pasture,2
TD1268,5/27/1990,Canis_lupus,Dermacentor_variabilis,Pasture,1
TD1272,5/27/1990,Canis_lupus,Ixodes_cookei,Pasture,1
TD1301,5/30/1990,human and horse,Dermacentor_variabilis,Pasture,1
TD1312,5/31/1990,Homo_sapiens,Dermacentor_variabilis,Pasture,3
TD1325,5/31/1990,Homo_sapiens,Dermacentor_variabilis,Pasture,1
TD1338,6/1/1990,Homo_sapiens,Dermacentor_variabilis,Pasture,10
TD1357,6/4/1990,Canis_lupus,Dermacentor_variabilis,Pasture,1
TD1361,6/4/1990,Homo_sapiens,Dermacentor_variabilis,Pasture,1
TD1364,6/4/1990,Homo_sapiens,Ixodes_cookei,Pasture,1
TD1252,5/25/1990,Not_attached,Dermacentor_variabilis,Ecotone,1
